AM 238 II fol,AM 238 I fol
AM 238 II fol,NRA 70
AM 519 a 4to,AM 655 XXIX 4to
AM 824 4to,AM 826 4to
AM 655 XXVIII a 4to,AM 238 X fol
AM 645 4to,AM 652 4to
AM 645 4to,AM 656 I 4to
AM 645 4to,AM 625 4to
AM 645 4to,AM 238 II fol
AM 645 4to,JS frg 8 A
AM 645 4to,AM 656 I-II 4to
AM 652 4to,AM 656 I 4to
AM 652 4to,AM 625 4to
AM 652 4to,AM 238 II fol
AM 652 4to,JS frg 8 A
AM 652 4to,AM 656 I-II 4to
AM 656 I 4to,AM 625 4to
AM 656 I 4to,AM 238 II fol
AM 656 I 4to,JS frg 8 A
AM 656 I 4to,AM 656 I-II 4to
AM 625 4to,AM 238 II fol
AM 625 4to,JS frg 8 A
AM 625 4to,AM 656 I-II 4to
AM 238 II fol,JS frg 8 A
AM 238 II fol,AM 656 I-II 4to
JS frg 8 A,AM 656 I-II 4to
GKS 2087 4to,AM 415 4to
JS fragm 10,JS fragm 17
JS fragm 10,Lbs fragm 29
JS fragm 17,Lbs fragm 29
Holm perg 6 fol,NRA 64
Holm perg 6 fol,AM 231 VI fol
Holm perg 6 fol,AM 233 IV e 8to
Holm perg 6 fol,AM 231 II fol
Holm perg 6 fol,AM 231 III fol
Holm perg 6 fol,AM 231 V fol
Holm perg 6 fol,AM 231 VII fol
Holm perg 6 fol,AM 231 IX fol
Holm perg 6 fol,Holm perg 12 V fol
Holm perg 6 fol,Holm perg 12 VI fol
NRA 64,AM 231 VI fol
NRA 64,AM 233 IV e 8to
NRA 64,AM 231 II fol
NRA 64,AM 231 III fol
NRA 64,AM 231 V fol
NRA 64,AM 231 VII fol
NRA 64,AM 231 IX fol
NRA 64,Holm perg 12 V fol
NRA 64,Holm perg 12 VI fol
AM 231 VI fol,AM 233 IV e 8to
AM 231 VI fol,AM 231 II fol
AM 231 VI fol,AM 231 III fol
AM 231 VI fol,AM 231 V fol
AM 231 VI fol,AM 231 VII fol
AM 231 VI fol,AM 231 IX fol
AM 231 VI fol,Holm perg 12 V fol
AM 231 VI fol,Holm perg 12 VI fol
AM 233 IV e 8to,AM 231 II fol
AM 233 IV e 8to,AM 231 III fol
AM 233 IV e 8to,AM 231 V fol
AM 233 IV e 8to,AM 231 VII fol
AM 233 IV e 8to,AM 231 IX fol
AM 233 IV e 8to,Holm perg 12 V fol
AM 233 IV e 8to,Holm perg 12 VI fol
AM 231 II fol,AM 231 III fol
AM 231 II fol,AM 231 V fol
AM 231 II fol,AM 231 VII fol
AM 231 II fol,AM 231 IX fol
AM 231 II fol,Holm perg 12 V fol
AM 231 II fol,Holm perg 12 VI fol
AM 231 III fol,AM 231 V fol
AM 231 III fol,AM 231 VII fol
AM 231 III fol,AM 231 IX fol
AM 231 III fol,Holm perg 12 V fol
AM 231 III fol,Holm perg 12 VI fol
AM 231 V fol,AM 231 VII fol
AM 231 V fol,AM 231 IX fol
AM 231 V fol,Holm perg 12 V fol
AM 231 V fol,Holm perg 12 VI fol
AM 231 VII fol,AM 231 IX fol
AM 231 VII fol,Holm perg 12 V fol
AM 231 VII fol,Holm perg 12 VI fol
AM 231 IX fol,Holm perg 12 V fol
AM 231 IX fol,Holm perg 12 VI fol
Holm perg 12 V fol,Holm perg 12 VI fol
AM 645 4to,AM 652 4to
AM 645 4to,AM 655 XII-XIII 4to
AM 645 4to,AM 237 b fol
AM 645 4to,AM 656 I-II 4to
AM 652 4to,AM 655 XII-XIII 4to
AM 652 4to,AM 237 b fol
AM 652 4to,AM 656 I-II 4to
AM 655 XII-XIII 4to,AM 237 b fol
AM 655 XII-XIII 4to,AM 656 I-II 4to
AM 237 b fol,AM 656 I-II 4to
AM 238 II fol,AM 655 VI 4to
NRA 81 A,NRA 81 B
AM 623 4to,AM 655 IX 4to
AM 544 4to,TCD MS 1023 a
AM 47 fol,AM 325 VIII 4 a 4to
AM 47 fol,AM 325 VIII 4 c 4to
AM 47 fol,AM 325 VIII 4 b 4to
AM 325 VIII 4 a 4to,AM 325 VIII 4 c 4to
AM 325 VIII 4 a 4to,AM 325 VIII 4 b 4to
AM 325 VIII 4 c 4to,AM 325 VIII 4 b 4to
AM 567 II 4to,AM 580 4to
AM 241 a I fol,Holm perg 15 4to
AM 241 a I fol,NKS 32 8to
Holm perg 15 4to,NKS 32 8to
UppsUB C 564,Holm perg 2 4to
NRA 71,AM 677 4to
NRA 71,NRA 77
NRA 71,AM 921 IV 1 4to
NRA 71,NRA 72 & 76
NRA 71,NRA 72 B
NRA 71,AM 655 XV 4to
AM 677 4to,NRA 77
AM 677 4to,AM 921 IV 1 4to
AM 677 4to,NRA 72 & 76
AM 677 4to,NRA 72 B
AM 677 4to,AM 655 XV 4to
NRA 77,AM 921 IV 1 4to
NRA 77,NRA 72 & 76
NRA 77,NRA 72 B
NRA 77,AM 655 XV 4to
AM 921 IV 1 4to,NRA 72 & 76
AM 921 IV 1 4to,NRA 72 B
AM 921 IV 1 4to,AM 655 XV 4to
NRA 72 & 76,NRA 72 B
NRA 72 & 76,AM 655 XV 4to
NRA 72 B,AM 655 XV 4to
GKS 2365 4to,AM 748 I a 4to
GKS 2367 4to,DG 11
GKS 2367 4to,AM 748 I b 4to
DG 11,AM 748 I b 4to
AM 162 A theta fol,AM 162 A beta fol
AM 162 A theta fol,AM 162 A gamma fol
AM 162 A theta fol,AM 162 A delta fol
AM 162 A theta fol,AM 162 A zeta fol
AM 162 A theta fol,Holm perg 7 4to
AM 162 A beta fol,AM 162 A gamma fol
AM 162 A beta fol,AM 162 A delta fol
AM 162 A beta fol,AM 162 A zeta fol
AM 162 A beta fol,Holm perg 7 4to
AM 162 A gamma fol,AM 162 A delta fol
AM 162 A gamma fol,AM 162 A zeta fol
AM 162 A gamma fol,Holm perg 7 4to
AM 162 A delta fol,AM 162 A zeta fol
AM 162 A delta fol,Holm perg 7 4to
AM 162 A zeta fol,Holm perg 7 4to
AM 567 II 4to,AM 580 4to
AM 567 II 4to,DG 4-7 II
AM 580 4to,DG 4-7 II
AM 544 4to,GKS 1812 4to
AM 544 4to,AM 625 4to
AM 544 4to,GKS 2087 4to
AM 544 4to,AM 415 4to
AM 544 4to,AM 49 8to
AM 544 4to,AM 47 fol
AM 544 4to,AM 736 I 4to
AM 544 4to,NRA 59
AM 544 4to,AM 249 l fol
AM 544 4to,AM 732 b 4to
AM 544 4to,AM 737 II alpha 4to
GKS 1812 4to,AM 625 4to
GKS 1812 4to,GKS 2087 4to
GKS 1812 4to,AM 415 4to
GKS 1812 4to,AM 49 8to
GKS 1812 4to,AM 47 fol
GKS 1812 4to,AM 736 I 4to
GKS 1812 4to,NRA 59
GKS 1812 4to,AM 249 l fol
GKS 1812 4to,AM 732 b 4to
GKS 1812 4to,AM 737 II alpha 4to
AM 625 4to,GKS 2087 4to
AM 625 4to,AM 415 4to
AM 625 4to,AM 49 8to
AM 625 4to,AM 47 fol
AM 625 4to,AM 736 I 4to
AM 625 4to,NRA 59
AM 625 4to,AM 249 l fol
AM 625 4to,AM 732 b 4to
AM 625 4to,AM 737 II alpha 4to
GKS 2087 4to,AM 415 4to
GKS 2087 4to,AM 49 8to
GKS 2087 4to,AM 47 fol
GKS 2087 4to,AM 736 I 4to
GKS 2087 4to,NRA 59
GKS 2087 4to,AM 249 l fol
GKS 2087 4to,AM 732 b 4to
GKS 2087 4to,AM 737 II alpha 4to
AM 415 4to,AM 49 8to
AM 415 4to,AM 47 fol
AM 415 4to,AM 736 I 4to
AM 415 4to,NRA 59
AM 415 4to,AM 249 l fol
AM 415 4to,AM 732 b 4to
AM 415 4to,AM 737 II alpha 4to
AM 49 8to,AM 47 fol
AM 49 8to,AM 736 I 4to
AM 49 8to,NRA 59
AM 49 8to,AM 249 l fol
AM 49 8to,AM 732 b 4to
AM 49 8to,AM 737 II alpha 4to
AM 47 fol,AM 736 I 4to
AM 47 fol,NRA 59
AM 47 fol,AM 249 l fol
AM 47 fol,AM 732 b 4to
AM 47 fol,AM 737 II alpha 4to
AM 736 I 4to,NRA 59
AM 736 I 4to,AM 249 l fol
AM 736 I 4to,AM 732 b 4to
AM 736 I 4to,AM 737 II alpha 4to
NRA 59,AM 249 l fol
NRA 59,AM 732 b 4to
NRA 59,AM 737 II alpha 4to
AM 249 l fol,AM 732 b 4to
AM 249 l fol,AM 737 II alpha 4to
AM 732 b 4to,AM 737 II alpha 4to
AM 619 4to,Holm perg 15 4to
NRA 1 C II,NRA 1 C III
NRA 1 C II,NRA 1 C IV
NRA 1 C II,NRA 1 C V
NRA 1 C III,NRA 1 C IV
NRA 1 C III,NRA 1 C V
NRA 1 C IV,NRA 1 C V
Holm perg 2 4to,AM 68 fol
Holm perg 2 4to,AM 75 a fol
Holm perg 2 4to,AM 75 b fol
Holm perg 2 4to,AM 75 c fol
Holm perg 2 4to,AM 75 e 3 fol
Holm perg 2 4to,AM 325 V 4to
Holm perg 2 4to,AM 325 VII 4to
Holm perg 2 4to,AM 1056 I 4to
Holm perg 2 4to,Holm perg 4 4to
AM 68 fol,AM 75 a fol
AM 68 fol,AM 75 b fol
AM 68 fol,AM 75 c fol
AM 68 fol,AM 75 e 3 fol
AM 68 fol,AM 325 V 4to
AM 68 fol,AM 325 VII 4to
AM 68 fol,AM 1056 I 4to
AM 68 fol,Holm perg 4 4to
AM 75 a fol,AM 75 b fol
AM 75 a fol,AM 75 c fol
AM 75 a fol,AM 75 e 3 fol
AM 75 a fol,AM 325 V 4to
AM 75 a fol,AM 325 VII 4to
AM 75 a fol,AM 1056 I 4to
AM 75 a fol,Holm perg 4 4to
AM 75 b fol,AM 75 c fol
AM 75 b fol,AM 75 e 3 fol
AM 75 b fol,AM 325 V 4to
AM 75 b fol,AM 325 VII 4to
AM 75 b fol,AM 1056 I 4to
AM 75 b fol,Holm perg 4 4to
AM 75 c fol,AM 75 e 3 fol
AM 75 c fol,AM 325 V 4to
AM 75 c fol,AM 325 VII 4to
AM 75 c fol,AM 1056 I 4to
AM 75 c fol,Holm perg 4 4to
AM 75 e 3 fol,AM 325 V 4to
AM 75 e 3 fol,AM 325 VII 4to
AM 75 e 3 fol,AM 1056 I 4to
AM 75 e 3 fol,Holm perg 4 4to
AM 325 V 4to,AM 325 VII 4to
AM 325 V 4to,AM 1056 I 4to
AM 325 V 4to,Holm perg 4 4to
AM 325 VII 4to,AM 1056 I 4to
AM 325 VII 4to,Holm perg 4 4to
AM 1056 I 4to,Holm perg 4 4to
GKS 1812 4to,AM 671 4to
GKS 1812 4to,AM 249 l fol
GKS 1812 4to,AM 732 b 4to
GKS 1812 4to,OsloOlds C 13270
AM 671 4to,AM 249 l fol
AM 671 4to,AM 732 b 4to
AM 671 4to,OsloOlds C 13270
AM 249 l fol,AM 732 b 4to
AM 249 l fol,OsloOlds C 13270
AM 732 b 4to,OsloOlds C 13270
DG 11,AM 748 I b 4to
AM 238 X fol,AM 921 IV 2 4to
AM 238 X fol,NRA 71
AM 921 IV 2 4to,NRA 71
AM 238 XVII fol,AM 655 XXV 4to
AM 234 fol,AM 657 a-b 4to
AM 544 4to,AM 677 4to
AM 47 fol,AM 45 fol
AM 47 fol,AM 39 fol
AM 47 fol,AM 325 VIII 1 4to
AM 47 fol,Holm perg 36 II 4to
AM 47 fol,AM 392 I fol
AM 47 fol,Holm perg 9 II fol
AM 47 fol,Lbs frg 82
AM 47 fol,NRA 53
AM 47 fol,Lbs fragm 82
AM 45 fol,AM 39 fol
AM 45 fol,AM 325 VIII 1 4to
AM 45 fol,Holm perg 36 II 4to
AM 45 fol,AM 392 I fol
AM 45 fol,Holm perg 9 II fol
AM 45 fol,Lbs frg 82
AM 45 fol,NRA 53
AM 45 fol,Lbs fragm 82
AM 39 fol,AM 325 VIII 1 4to
AM 39 fol,Holm perg 36 II 4to
AM 39 fol,AM 392 I fol
AM 39 fol,Holm perg 9 II fol
AM 39 fol,Lbs frg 82
AM 39 fol,NRA 53
AM 39 fol,Lbs fragm 82
AM 325 VIII 1 4to,Holm perg 36 II 4to
AM 325 VIII 1 4to,AM 392 I fol
AM 325 VIII 1 4to,Holm perg 9 II fol
AM 325 VIII 1 4to,Lbs frg 82
AM 325 VIII 1 4to,NRA 53
AM 325 VIII 1 4to,Lbs fragm 82
Holm perg 36 II 4to,AM 392 I fol
Holm perg 36 II 4to,Holm perg 9 II fol
Holm perg 36 II 4to,Lbs frg 82
Holm perg 36 II 4to,NRA 53
Holm perg 36 II 4to,Lbs fragm 82
AM 392 I fol,Holm perg 9 II fol
AM 392 I fol,Lbs frg 82
AM 392 I fol,NRA 53
AM 392 I fol,Lbs fragm 82
Holm perg 9 II fol,Lbs frg 82
Holm perg 9 II fol,NRA 53
Holm perg 9 II fol,Lbs fragm 82
Lbs frg 82,NRA 53
Lbs frg 82,Lbs fragm 82
NRA 53,Lbs fragm 82
Holm perg 18 4to,Lbs frg 1
Holm perg 7 4to,Holm perg 18 4to
Holm perg 7 4to,AM 567 XIV beta 4to
Holm perg 18 4to,AM 567 XIV beta 4to
AM 47 fol,AM 45 fol
AM 47 fol,NRA 55 A
AM 47 fol,NRA 55 B
AM 47 fol,AM 325 VIII 5 b 4to
AM 45 fol,NRA 55 A
AM 45 fol,NRA 55 B
AM 45 fol,AM 325 VIII 5 b 4to
NRA 55 A,NRA 55 B
NRA 55 A,AM 325 VIII 5 b 4to
NRA 55 B,AM 325 VIII 5 b 4to
AM 696 XXIV 4to,AM 544 4to
AM 696 XXIV 4to,AM 619 4to
AM 696 XXIV 4to,AM 671 4to
AM 696 XXIV 4to,Holm perg 15 4to
AM 696 XXIV 4to,AM 114 a 4to
AM 696 XXIV 4to,AM 677 4to
AM 696 XXIV 4to,AM 237 a fol
AM 696 XXIV 4to,AM 686 b 4to
AM 696 XXIV 4to,AM 655 I 4to
AM 696 XXIV 4to,AM 655 XVIII 4to
AM 696 XXIV 4to,AM 686 c 4to
AM 696 XXIV 4to,AM 655 XI 4to
AM 696 XXIV 4to,AM 655 XX 4to
AM 696 XXIV 4to,AM 655 XXVII 4to
AM 544 4to,AM 619 4to
AM 544 4to,AM 671 4to
AM 544 4to,Holm perg 15 4to
AM 544 4to,AM 114 a 4to
AM 544 4to,AM 677 4to
AM 544 4to,AM 237 a fol
AM 544 4to,AM 686 b 4to
AM 544 4to,AM 655 I 4to
AM 544 4to,AM 655 XVIII 4to
AM 544 4to,AM 686 c 4to
AM 544 4to,AM 655 XI 4to
AM 544 4to,AM 655 XX 4to
AM 544 4to,AM 655 XXVII 4to
AM 619 4to,AM 671 4to
AM 619 4to,Holm perg 15 4to
AM 619 4to,AM 114 a 4to
AM 619 4to,AM 677 4to
AM 619 4to,AM 237 a fol
AM 619 4to,AM 686 b 4to
AM 619 4to,AM 655 I 4to
AM 619 4to,AM 655 XVIII 4to
AM 619 4to,AM 686 c 4to
AM 619 4to,AM 655 XI 4to
AM 619 4to,AM 655 XX 4to
AM 619 4to,AM 655 XXVII 4to
AM 671 4to,Holm perg 15 4to
AM 671 4to,AM 114 a 4to
AM 671 4to,AM 677 4to
AM 671 4to,AM 237 a fol
AM 671 4to,AM 686 b 4to
AM 671 4to,AM 655 I 4to
AM 671 4to,AM 655 XVIII 4to
AM 671 4to,AM 686 c 4to
AM 671 4to,AM 655 XI 4to
AM 671 4to,AM 655 XX 4to
AM 671 4to,AM 655 XXVII 4to
Holm perg 15 4to,AM 114 a 4to
Holm perg 15 4to,AM 677 4to
Holm perg 15 4to,AM 237 a fol
Holm perg 15 4to,AM 686 b 4to
Holm perg 15 4to,AM 655 I 4to
Holm perg 15 4to,AM 655 XVIII 4to
Holm perg 15 4to,AM 686 c 4to
Holm perg 15 4to,AM 655 XI 4to
Holm perg 15 4to,AM 655 XX 4to
Holm perg 15 4to,AM 655 XXVII 4to
AM 114 a 4to,AM 677 4to
AM 114 a 4to,AM 237 a fol
AM 114 a 4to,AM 686 b 4to
AM 114 a 4to,AM 655 I 4to
AM 114 a 4to,AM 655 XVIII 4to
AM 114 a 4to,AM 686 c 4to
AM 114 a 4to,AM 655 XI 4to
AM 114 a 4to,AM 655 XX 4to
AM 114 a 4to,AM 655 XXVII 4to
AM 677 4to,AM 237 a fol
AM 677 4to,AM 686 b 4to
AM 677 4to,AM 655 I 4to
AM 677 4to,AM 655 XVIII 4to
AM 677 4to,AM 686 c 4to
AM 677 4to,AM 655 XI 4to
AM 677 4to,AM 655 XX 4to
AM 677 4to,AM 655 XXVII 4to
AM 237 a fol,AM 686 b 4to
AM 237 a fol,AM 655 I 4to
AM 237 a fol,AM 655 XVIII 4to
AM 237 a fol,AM 686 c 4to
AM 237 a fol,AM 655 XI 4to
AM 237 a fol,AM 655 XX 4to
AM 237 a fol,AM 655 XXVII 4to
AM 686 b 4to,AM 655 I 4to
AM 686 b 4to,AM 655 XVIII 4to
AM 686 b 4to,AM 686 c 4to
AM 686 b 4to,AM 655 XI 4to
AM 686 b 4to,AM 655 XX 4to
AM 686 b 4to,AM 655 XXVII 4to
AM 655 I 4to,AM 655 XVIII 4to
AM 655 I 4to,AM 686 c 4to
AM 655 I 4to,AM 655 XI 4to
AM 655 I 4to,AM 655 XX 4to
AM 655 I 4to,AM 655 XXVII 4to
AM 655 XVIII 4to,AM 686 c 4to
AM 655 XVIII 4to,AM 655 XI 4to
AM 655 XVIII 4to,AM 655 XX 4to
AM 655 XVIII 4to,AM 655 XXVII 4to
AM 686 c 4to,AM 655 XI 4to
AM 686 c 4to,AM 655 XX 4to
AM 686 c 4to,AM 655 XXVII 4to
AM 655 XI 4to,AM 655 XX 4to
AM 655 XI 4to,AM 655 XXVII 4to
AM 655 XX 4to,AM 655 XXVII 4to
AM 645 4to,AM 652 4to
AM 645 4to,AM 656 I 4to
AM 645 4to,AM 655 XII-XIII 4to
AM 652 4to,AM 656 I 4to
AM 652 4to,AM 655 XII-XIII 4to
AM 656 I 4to,AM 655 XII-XIII 4to
NRA 73,GKS 1347 4to
Holm perg 7 4to,AM 291 4to
AM 625 4to,AM 237 b fol
AM 625 4to,AM 667 IX 4to
AM 237 b fol,AM 667 IX 4to
AM 234 fol,AM 221 fol
AM 234 fol,NRA 57
AM 221 fol,NRA 57
AM 623 4to,AM 652 4to
AM 623 4to,AM 656 I 4to
AM 623 4to,NRA 67
AM 623 4to,AM 655 XIV 4to
AM 623 4to,AM 656 I-II 4to
AM 652 4to,AM 656 I 4to
AM 652 4to,NRA 67
AM 652 4to,AM 655 XIV 4to
AM 652 4to,AM 656 I-II 4to
AM 656 I 4to,NRA 67
AM 656 I 4to,AM 655 XIV 4to
AM 656 I 4to,AM 656 I-II 4to
NRA 67,AM 655 XIV 4to
NRA 67,AM 656 I-II 4to
AM 655 XIV 4to,AM 656 I-II 4to
NRA 62,NRA 61
AM 625 4to,AM 415 4to
AM 655 XXVIII a 4to,AM 645 4to
AM 20 b I fol,AM 20 b II fol
AM 243 b alpha fol,NRA 58 A
AM 243 b alpha fol,NRA 58 C
AM 243 b alpha fol,NKS 235 g 4to
AM 243 b alpha fol,AM 1056 IX 4to
AM 243 b alpha fol,NRA 58 B
AM 243 b alpha fol,AM 655 XXVIII b 4to
AM 243 b alpha fol,AM 243 g fol
NRA 58 A,NRA 58 C
NRA 58 A,NKS 235 g 4to
NRA 58 A,AM 1056 IX 4to
NRA 58 A,NRA 58 B
NRA 58 A,AM 655 XXVIII b 4to
NRA 58 A,AM 243 g fol
NRA 58 C,NKS 235 g 4to
NRA 58 C,AM 1056 IX 4to
NRA 58 C,NRA 58 B
NRA 58 C,AM 655 XXVIII b 4to
NRA 58 C,AM 243 g fol
NKS 235 g 4to,AM 1056 IX 4to
NKS 235 g 4to,NRA 58 B
NKS 235 g 4to,AM 655 XXVIII b 4to
NKS 235 g 4to,AM 243 g fol
AM 1056 IX 4to,NRA 58 B
AM 1056 IX 4to,AM 655 XXVIII b 4to
AM 1056 IX 4to,AM 243 g fol
NRA 58 B,AM 655 XXVIII b 4to
NRA 58 B,AM 243 g fol
AM 655 XXVIII b 4to,AM 243 g fol
AM 238 XI fol,NRA 75
AM 162 E fol,AM 162 D 1 fol
AM 162 E fol,AM 162 D 2 fol
AM 162 D 1 fol,AM 162 D 2 fol
AM 645 4to,AM 655 XXXI 4to
AM 656 I 4to,AM 234 fol
AM 656 I 4to,AM 657 a-b 4to
AM 656 I 4to,Holm perg 1 8to
AM 656 I 4to,NRA 78
AM 656 I 4to,AM 240 XI fol
AM 656 I 4to,AM 240 II fol
AM 656 I 4to,AM 240 IV fol
AM 656 I 4to,AM 240 XII fol
AM 656 I 4to,AM 655 II 4to
AM 656 I 4to,AM 655 XIX 4to
AM 656 I 4to,AM 656 II 4to
AM 656 I 4to,AM 667 III 4to
AM 656 I 4to,AM 240 XIV fol
AM 656 I 4to,Lbs frg 3
AM 656 I 4to,NRA 79
AM 656 I 4to,AM 656 I-II 4to
AM 656 I 4to,Lbs fragm 3
AM 234 fol,AM 657 a-b 4to
AM 234 fol,Holm perg 1 8to
AM 234 fol,NRA 78
AM 234 fol,AM 240 XI fol
AM 234 fol,AM 240 II fol
AM 234 fol,AM 240 IV fol
AM 234 fol,AM 240 XII fol
AM 234 fol,AM 655 II 4to
AM 234 fol,AM 655 XIX 4to
AM 234 fol,AM 656 II 4to
AM 234 fol,AM 667 III 4to
AM 234 fol,AM 240 XIV fol
AM 234 fol,Lbs frg 3
AM 234 fol,NRA 79
AM 234 fol,AM 656 I-II 4to
AM 234 fol,Lbs fragm 3
AM 657 a-b 4to,Holm perg 1 8to
AM 657 a-b 4to,NRA 78
AM 657 a-b 4to,AM 240 XI fol
AM 657 a-b 4to,AM 240 II fol
AM 657 a-b 4to,AM 240 IV fol
AM 657 a-b 4to,AM 240 XII fol
AM 657 a-b 4to,AM 655 II 4to
AM 657 a-b 4to,AM 655 XIX 4to
AM 657 a-b 4to,AM 656 II 4to
AM 657 a-b 4to,AM 667 III 4to
AM 657 a-b 4to,AM 240 XIV fol
AM 657 a-b 4to,Lbs frg 3
AM 657 a-b 4to,NRA 79
AM 657 a-b 4to,AM 656 I-II 4to
AM 657 a-b 4to,Lbs fragm 3
Holm perg 1 8to,NRA 78
Holm perg 1 8to,AM 240 XI fol
Holm perg 1 8to,AM 240 II fol
Holm perg 1 8to,AM 240 IV fol
Holm perg 1 8to,AM 240 XII fol
Holm perg 1 8to,AM 655 II 4to
Holm perg 1 8to,AM 655 XIX 4to
Holm perg 1 8to,AM 656 II 4to
Holm perg 1 8to,AM 667 III 4to
Holm perg 1 8to,AM 240 XIV fol
Holm perg 1 8to,Lbs frg 3
Holm perg 1 8to,NRA 79
Holm perg 1 8to,AM 656 I-II 4to
Holm perg 1 8to,Lbs fragm 3
NRA 78,AM 240 XI fol
NRA 78,AM 240 II fol
NRA 78,AM 240 IV fol
NRA 78,AM 240 XII fol
NRA 78,AM 655 II 4to
NRA 78,AM 655 XIX 4to
NRA 78,AM 656 II 4to
NRA 78,AM 667 III 4to
NRA 78,AM 240 XIV fol
NRA 78,Lbs frg 3
NRA 78,NRA 79
NRA 78,AM 656 I-II 4to
NRA 78,Lbs fragm 3
AM 240 XI fol,AM 240 II fol
AM 240 XI fol,AM 240 IV fol
AM 240 XI fol,AM 240 XII fol
AM 240 XI fol,AM 655 II 4to
AM 240 XI fol,AM 655 XIX 4to
AM 240 XI fol,AM 656 II 4to
AM 240 XI fol,AM 667 III 4to
AM 240 XI fol,AM 240 XIV fol
AM 240 XI fol,Lbs frg 3
AM 240 XI fol,NRA 79
AM 240 XI fol,AM 656 I-II 4to
AM 240 XI fol,Lbs fragm 3
AM 240 II fol,AM 240 IV fol
AM 240 II fol,AM 240 XII fol
AM 240 II fol,AM 655 II 4to
AM 240 II fol,AM 655 XIX 4to
AM 240 II fol,AM 656 II 4to
AM 240 II fol,AM 667 III 4to
AM 240 II fol,AM 240 XIV fol
AM 240 II fol,Lbs frg 3
AM 240 II fol,NRA 79
AM 240 II fol,AM 656 I-II 4to
AM 240 II fol,Lbs fragm 3
AM 240 IV fol,AM 240 XII fol
AM 240 IV fol,AM 655 II 4to
AM 240 IV fol,AM 655 XIX 4to
AM 240 IV fol,AM 656 II 4to
AM 240 IV fol,AM 667 III 4to
AM 240 IV fol,AM 240 XIV fol
AM 240 IV fol,Lbs frg 3
AM 240 IV fol,NRA 79
AM 240 IV fol,AM 656 I-II 4to
AM 240 IV fol,Lbs fragm 3
AM 240 XII fol,AM 655 II 4to
AM 240 XII fol,AM 655 XIX 4to
AM 240 XII fol,AM 656 II 4to
AM 240 XII fol,AM 667 III 4to
AM 240 XII fol,AM 240 XIV fol
AM 240 XII fol,Lbs frg 3
AM 240 XII fol,NRA 79
AM 240 XII fol,AM 656 I-II 4to
AM 240 XII fol,Lbs fragm 3
AM 655 II 4to,AM 655 XIX 4to
AM 655 II 4to,AM 656 II 4to
AM 655 II 4to,AM 667 III 4to
AM 655 II 4to,AM 240 XIV fol
AM 655 II 4to,Lbs frg 3
AM 655 II 4to,NRA 79
AM 655 II 4to,AM 656 I-II 4to
AM 655 II 4to,Lbs fragm 3
AM 655 XIX 4to,AM 656 II 4to
AM 655 XIX 4to,AM 667 III 4to
AM 655 XIX 4to,AM 240 XIV fol
AM 655 XIX 4to,Lbs frg 3
AM 655 XIX 4to,NRA 79
AM 655 XIX 4to,AM 656 I-II 4to
AM 655 XIX 4to,Lbs fragm 3
AM 656 II 4to,AM 667 III 4to
AM 656 II 4to,AM 240 XIV fol
AM 656 II 4to,Lbs frg 3
AM 656 II 4to,NRA 79
AM 656 II 4to,AM 656 I-II 4to
AM 656 II 4to,Lbs fragm 3
AM 667 III 4to,AM 240 XIV fol
AM 667 III 4to,Lbs frg 3
AM 667 III 4to,NRA 79
AM 667 III 4to,AM 656 I-II 4to
AM 667 III 4to,Lbs fragm 3
AM 240 XIV fol,Lbs frg 3
AM 240 XIV fol,NRA 79
AM 240 XIV fol,AM 656 I-II 4to
AM 240 XIV fol,Lbs fragm 3
Lbs frg 3,NRA 79
Lbs frg 3,AM 656 I-II 4to
Lbs frg 3,Lbs fragm 3
NRA 79,AM 656 I-II 4to
NRA 79,Lbs fragm 3
AM 656 I-II 4to,Lbs fragm 3
AM 238 I fol,AM 655 XXXIII 4to
AM 645 4to,AM 652 4to
AM 645 4to,AM 656 I 4to
AM 645 4to,AM 655 XII-XIII 4to
AM 645 4to,AM 655 IX 4to
AM 652 4to,AM 656 I 4to
AM 652 4to,AM 655 XII-XIII 4to
AM 652 4to,AM 655 IX 4to
AM 656 I 4to,AM 655 XII-XIII 4to
AM 656 I 4to,AM 655 IX 4to
AM 655 XII-XIII 4to,AM 655 IX 4to
AM 238 X fol,AM 656 I-II 4to
AM 655 XXX 4to,AM 696 I 4to
AM 619 4to,AM 625 4to
AM 619 4to,Holm perg 15 4to
AM 625 4to,Holm perg 15 4to
NRA 69,AM 655 III 4to
AM 623 4to,AM 645 4to
AM 133 fol,AM 468 4to
AM 133 fol,AM 162 B beta fol
AM 133 fol,AM 162 B gamma fol
AM 133 fol,AM 162 B delta fol
AM 133 fol,AM 162 B zeta fol
AM 133 fol,AM 162 B eta fol
AM 133 fol,AM 162 B theta fol
AM 133 fol,AM 162 B kappa fol
AM 133 fol,GKS 2870 4to
AM 468 4to,AM 162 B beta fol
AM 468 4to,AM 162 B gamma fol
AM 468 4to,AM 162 B delta fol
AM 468 4to,AM 162 B zeta fol
AM 468 4to,AM 162 B eta fol
AM 468 4to,AM 162 B theta fol
AM 468 4to,AM 162 B kappa fol
AM 468 4to,GKS 2870 4to
AM 162 B beta fol,AM 162 B gamma fol
AM 162 B beta fol,AM 162 B delta fol
AM 162 B beta fol,AM 162 B zeta fol
AM 162 B beta fol,AM 162 B eta fol
AM 162 B beta fol,AM 162 B theta fol
AM 162 B beta fol,AM 162 B kappa fol
AM 162 B beta fol,GKS 2870 4to
AM 162 B gamma fol,AM 162 B delta fol
AM 162 B gamma fol,AM 162 B zeta fol
AM 162 B gamma fol,AM 162 B eta fol
AM 162 B gamma fol,AM 162 B theta fol
AM 162 B gamma fol,AM 162 B kappa fol
AM 162 B gamma fol,GKS 2870 4to
AM 162 B delta fol,AM 162 B zeta fol
AM 162 B delta fol,AM 162 B eta fol
AM 162 B delta fol,AM 162 B theta fol
AM 162 B delta fol,AM 162 B kappa fol
AM 162 B delta fol,GKS 2870 4to
AM 162 B zeta fol,AM 162 B eta fol
AM 162 B zeta fol,AM 162 B theta fol
AM 162 B zeta fol,AM 162 B kappa fol
AM 162 B zeta fol,GKS 2870 4to
AM 162 B eta fol,AM 162 B theta fol
AM 162 B eta fol,AM 162 B kappa fol
AM 162 B eta fol,GKS 2870 4to
AM 162 B theta fol,AM 162 B kappa fol
AM 162 B theta fol,GKS 2870 4to
AM 162 B kappa fol,GKS 2870 4to
Holm perg 6 fol,Holm perg 2 4to
Holm perg 6 fol,AM 399 4to
Holm perg 6 fol,DG 11
Holm perg 6 fol,UppsUB C 29
Holm perg 2 4to,AM 399 4to
Holm perg 2 4to,DG 11
Holm perg 2 4to,UppsUB C 29
AM 399 4to,DG 11
AM 399 4to,UppsUB C 29
DG 11,UppsUB C 29
AM 325 I 4to,AM 325 III alpha 4to
AM 325 I 4to,AM 325 III beta 4to
AM 325 III alpha 4to,AM 325 III beta 4to
AM 655 IX 4to,AM 655 X 4to
AM 645 4to,AM 234 fol
AM 645 4to,NRA 80
AM 645 4to,AM 655 XVI 4to
AM 645 4to,AM 655 XVII 4to
AM 234 fol,NRA 80
AM 234 fol,AM 655 XVI 4to
AM 234 fol,AM 655 XVII 4to
NRA 80,AM 655 XVI 4to
NRA 80,AM 655 XVII 4to
AM 655 XVI 4to,AM 655 XVII 4to
AM 645 4to,AM 655 XII-XIII 4to
AM 645 4to,AM 655 XVI 4to
AM 655 XII-XIII 4to,AM 655 XVI 4to
AM 68 fol,AM 75 a fol
AM 68 fol,AM 75 c fol
AM 68 fol,AM 325 V 4to
AM 68 fol,Holm perg 4 4to
AM 75 a fol,AM 75 c fol
AM 75 a fol,AM 325 V 4to
AM 75 a fol,Holm perg 4 4to
AM 75 c fol,AM 325 V 4to
AM 75 c fol,Holm perg 4 4to
AM 325 V 4to,Holm perg 4 4to
AM 655 IV 4to,AM 655 V 4to
LundUB Mh 15,Holm perg 33 4to
AM 677 4to,AM 685 c 4to
AM 655 XXII 4to,Holm perg 15 4to
AM 655 XXII 4to,NRA 67
AM 655 XXII 4to,AM 655 XIV 4to
Holm perg 15 4to,NRA 67
Holm perg 15 4to,AM 655 XIV 4to
NRA 67,AM 655 XIV 4to
AM 227 fol,AM 228 fol
AM 227 fol,NRA 60 A
AM 227 fol,NRA 60 B
AM 227 fol,AM 229 I fol
AM 227 fol,AM 229 II fol
AM 227 fol,NRA 60 C
AM 228 fol,NRA 60 A
AM 228 fol,NRA 60 B
AM 228 fol,AM 229 I fol
AM 228 fol,AM 229 II fol
AM 228 fol,NRA 60 C
NRA 60 A,NRA 60 B
NRA 60 A,AM 229 I fol
NRA 60 A,AM 229 II fol
NRA 60 A,NRA 60 C
NRA 60 B,AM 229 I fol
NRA 60 B,AM 229 II fol
NRA 60 B,NRA 60 C
AM 229 I fol,AM 229 II fol
AM 229 I fol,NRA 60 C
AM 229 II fol,NRA 60 C
GKS 1009 fol,AM 47 fol
GKS 1009 fol,AM 45 fol
AM 47 fol,AM 45 fol
AM 327 4to,AM 325 VIII 3 c 4to
AM 327 4to,AM 325 VIII 3 d 4to
AM 327 4to,AM 47 fol
AM 327 4to,AM 325 VIII 4 a 4to
AM 327 4to,AM 325 VIII 4 c 4to
AM 327 4to,AM 325 VIII 4 b 4to
AM 325 VIII 3 c 4to,AM 325 VIII 3 d 4to
AM 325 VIII 3 c 4to,AM 47 fol
AM 325 VIII 3 c 4to,AM 325 VIII 4 a 4to
AM 325 VIII 3 c 4to,AM 325 VIII 4 c 4to
AM 325 VIII 3 c 4to,AM 325 VIII 4 b 4to
AM 325 VIII 3 d 4to,AM 47 fol
AM 325 VIII 3 d 4to,AM 325 VIII 4 a 4to
AM 325 VIII 3 d 4to,AM 325 VIII 4 c 4to
AM 325 VIII 3 d 4to,AM 325 VIII 4 b 4to
AM 47 fol,AM 325 VIII 4 a 4to
AM 47 fol,AM 325 VIII 4 c 4to
AM 47 fol,AM 325 VIII 4 b 4to
AM 325 VIII 4 a 4to,AM 325 VIII 4 c 4to
AM 325 VIII 4 a 4to,AM 325 VIII 4 b 4to
AM 325 VIII 4 c 4to,AM 325 VIII 4 b 4to
AM 655 XXI 4to,AM 655 XXIII 4to
AM 655 XXI 4to,AM 1056 IV 4to
AM 655 XXI 4to,NRA 101
AM 655 XXI 4to,Holm perg 15 4to
AM 655 XXI 4to,Thott 110 8to
AM 655 XXIII 4to,AM 1056 IV 4to
AM 655 XXIII 4to,NRA 101
AM 655 XXIII 4to,Holm perg 15 4to
AM 655 XXIII 4to,Thott 110 8to
AM 1056 IV 4to,NRA 101
AM 1056 IV 4to,Holm perg 15 4to
AM 1056 IV 4to,Thott 110 8to
NRA 101,Holm perg 15 4to
NRA 101,Thott 110 8to
Holm perg 15 4to,Thott 110 8to
Holm perg 17 4to,NRA 66
Holm perg 17 4to,AM 234 fol
Holm perg 17 4to,NRA 67
NRA 66,AM 234 fol
NRA 66,NRA 67
AM 234 fol,NRA 67
AM 652 4to,AM 656 I 4to
AM 652 4to,JS frg 8 A
AM 652 4to,AM 656 I-II 4to
AM 656 I 4to,JS frg 8 A
AM 656 I 4to,AM 656 I-II 4to
JS frg 8 A,AM 656 I-II 4to
AM 598 II beta 4to,AM 544 4to
AM 656 I 4to,AM 656 I-II 4to
AM 652 4to,AM 655 XII-XIII 4to
AM 652 4to,AM 656 I-II 4to
AM 655 XII-XIII 4to,AM 656 I-II 4to
AM 655 VIII 4to,AM 655 VII 4to
AM 655 VIII 4to,AM 625 4to
AM 655 VII 4to,AM 625 4to
AM 544 4to,DG 4-7 II
AM 623 4to,AM 655 XXXIII 4to
AM 234 fol,AM 221 fol
AM 310 4to,Holm perg 18 4to
AM 310 4to,DG 4-7 I
Holm perg 18 4to,DG 4-7 I
AM 619 4to,DG 8
AM 619 4to,Holm perg 2 4to
AM 619 4to,AM 68 fol
AM 619 4to,AM 75 a fol
AM 619 4to,AM 75 b fol
AM 619 4to,AM 75 c fol
AM 619 4to,AM 75 e 3 fol
AM 619 4to,AM 325 V 4to
AM 619 4to,AM 325 VII 4to
AM 619 4to,Holm perg 4 4to
AM 619 4to,AM 75 e 1 fol
AM 619 4to,AM 75 e 2 fol
AM 619 4to,AM 325 XI 2 a 4to
AM 619 4to,AM 325 XI 2 c 4to
AM 619 4to,AM 325 XI 2 e 4to
AM 619 4to,AM 325 XI 2 g 4to
AM 619 4to,AM 325 XI 2 h 4to
AM 619 4to,AM 325 XI 2 k 4to
AM 619 4to,AM 325 XI 2 m 4to
AM 619 4to,AM 325 XI 2 n 4to
AM 619 4to,AM 325 IV alpha 4to
AM 619 4to,NRA 52
AM 619 4to,AM 325 IX 2 4to
AM 619 4to,Lbs fragm 82
DG 8,Holm perg 2 4to
DG 8,AM 68 fol
DG 8,AM 75 a fol
DG 8,AM 75 b fol
DG 8,AM 75 c fol
DG 8,AM 75 e 3 fol
DG 8,AM 325 V 4to
DG 8,AM 325 VII 4to
DG 8,Holm perg 4 4to
DG 8,AM 75 e 1 fol
DG 8,AM 75 e 2 fol
DG 8,AM 325 XI 2 a 4to
DG 8,AM 325 XI 2 c 4to
DG 8,AM 325 XI 2 e 4to
DG 8,AM 325 XI 2 g 4to
DG 8,AM 325 XI 2 h 4to
DG 8,AM 325 XI 2 k 4to
DG 8,AM 325 XI 2 m 4to
DG 8,AM 325 XI 2 n 4to
DG 8,AM 325 IV alpha 4to
DG 8,NRA 52
DG 8,AM 325 IX 2 4to
DG 8,Lbs fragm 82
Holm perg 2 4to,AM 68 fol
Holm perg 2 4to,AM 75 a fol
Holm perg 2 4to,AM 75 b fol
Holm perg 2 4to,AM 75 c fol
Holm perg 2 4to,AM 75 e 3 fol
Holm perg 2 4to,AM 325 V 4to
Holm perg 2 4to,AM 325 VII 4to
Holm perg 2 4to,Holm perg 4 4to
Holm perg 2 4to,AM 75 e 1 fol
Holm perg 2 4to,AM 75 e 2 fol
Holm perg 2 4to,AM 325 XI 2 a 4to
Holm perg 2 4to,AM 325 XI 2 c 4to
Holm perg 2 4to,AM 325 XI 2 e 4to
Holm perg 2 4to,AM 325 XI 2 g 4to
Holm perg 2 4to,AM 325 XI 2 h 4to
Holm perg 2 4to,AM 325 XI 2 k 4to
Holm perg 2 4to,AM 325 XI 2 m 4to
Holm perg 2 4to,AM 325 XI 2 n 4to
Holm perg 2 4to,AM 325 IV alpha 4to
Holm perg 2 4to,NRA 52
Holm perg 2 4to,AM 325 IX 2 4to
Holm perg 2 4to,Lbs fragm 82
AM 68 fol,AM 75 a fol
AM 68 fol,AM 75 b fol
AM 68 fol,AM 75 c fol
AM 68 fol,AM 75 e 3 fol
AM 68 fol,AM 325 V 4to
AM 68 fol,AM 325 VII 4to
AM 68 fol,Holm perg 4 4to
AM 68 fol,AM 75 e 1 fol
AM 68 fol,AM 75 e 2 fol
AM 68 fol,AM 325 XI 2 a 4to
AM 68 fol,AM 325 XI 2 c 4to
AM 68 fol,AM 325 XI 2 e 4to
AM 68 fol,AM 325 XI 2 g 4to
AM 68 fol,AM 325 XI 2 h 4to
AM 68 fol,AM 325 XI 2 k 4to
AM 68 fol,AM 325 XI 2 m 4to
AM 68 fol,AM 325 XI 2 n 4to
AM 68 fol,AM 325 IV alpha 4to
AM 68 fol,NRA 52
AM 68 fol,AM 325 IX 2 4to
AM 68 fol,Lbs fragm 82
AM 75 a fol,AM 75 b fol
AM 75 a fol,AM 75 c fol
AM 75 a fol,AM 75 e 3 fol
AM 75 a fol,AM 325 V 4to
AM 75 a fol,AM 325 VII 4to
AM 75 a fol,Holm perg 4 4to
AM 75 a fol,AM 75 e 1 fol
AM 75 a fol,AM 75 e 2 fol
AM 75 a fol,AM 325 XI 2 a 4to
AM 75 a fol,AM 325 XI 2 c 4to
AM 75 a fol,AM 325 XI 2 e 4to
AM 75 a fol,AM 325 XI 2 g 4to
AM 75 a fol,AM 325 XI 2 h 4to
AM 75 a fol,AM 325 XI 2 k 4to
AM 75 a fol,AM 325 XI 2 m 4to
AM 75 a fol,AM 325 XI 2 n 4to
AM 75 a fol,AM 325 IV alpha 4to
AM 75 a fol,NRA 52
AM 75 a fol,AM 325 IX 2 4to
AM 75 a fol,Lbs fragm 82
AM 75 b fol,AM 75 c fol
AM 75 b fol,AM 75 e 3 fol
AM 75 b fol,AM 325 V 4to
AM 75 b fol,AM 325 VII 4to
AM 75 b fol,Holm perg 4 4to
AM 75 b fol,AM 75 e 1 fol
AM 75 b fol,AM 75 e 2 fol
AM 75 b fol,AM 325 XI 2 a 4to
AM 75 b fol,AM 325 XI 2 c 4to
AM 75 b fol,AM 325 XI 2 e 4to
AM 75 b fol,AM 325 XI 2 g 4to
AM 75 b fol,AM 325 XI 2 h 4to
AM 75 b fol,AM 325 XI 2 k 4to
AM 75 b fol,AM 325 XI 2 m 4to
AM 75 b fol,AM 325 XI 2 n 4to
AM 75 b fol,AM 325 IV alpha 4to
AM 75 b fol,NRA 52
AM 75 b fol,AM 325 IX 2 4to
AM 75 b fol,Lbs fragm 82
AM 75 c fol,AM 75 e 3 fol
AM 75 c fol,AM 325 V 4to
AM 75 c fol,AM 325 VII 4to
AM 75 c fol,Holm perg 4 4to
AM 75 c fol,AM 75 e 1 fol
AM 75 c fol,AM 75 e 2 fol
AM 75 c fol,AM 325 XI 2 a 4to
AM 75 c fol,AM 325 XI 2 c 4to
AM 75 c fol,AM 325 XI 2 e 4to
AM 75 c fol,AM 325 XI 2 g 4to
AM 75 c fol,AM 325 XI 2 h 4to
AM 75 c fol,AM 325 XI 2 k 4to
AM 75 c fol,AM 325 XI 2 m 4to
AM 75 c fol,AM 325 XI 2 n 4to
AM 75 c fol,AM 325 IV alpha 4to
AM 75 c fol,NRA 52
AM 75 c fol,AM 325 IX 2 4to
AM 75 c fol,Lbs fragm 82
AM 75 e 3 fol,AM 325 V 4to
AM 75 e 3 fol,AM 325 VII 4to
AM 75 e 3 fol,Holm perg 4 4to
AM 75 e 3 fol,AM 75 e 1 fol
AM 75 e 3 fol,AM 75 e 2 fol
AM 75 e 3 fol,AM 325 XI 2 a 4to
AM 75 e 3 fol,AM 325 XI 2 c 4to
AM 75 e 3 fol,AM 325 XI 2 e 4to
AM 75 e 3 fol,AM 325 XI 2 g 4to
AM 75 e 3 fol,AM 325 XI 2 h 4to
AM 75 e 3 fol,AM 325 XI 2 k 4to
AM 75 e 3 fol,AM 325 XI 2 m 4to
AM 75 e 3 fol,AM 325 XI 2 n 4to
AM 75 e 3 fol,AM 325 IV alpha 4to
AM 75 e 3 fol,NRA 52
AM 75 e 3 fol,AM 325 IX 2 4to
AM 75 e 3 fol,Lbs fragm 82
AM 325 V 4to,AM 325 VII 4to
AM 325 V 4to,Holm perg 4 4to
AM 325 V 4to,AM 75 e 1 fol
AM 325 V 4to,AM 75 e 2 fol
AM 325 V 4to,AM 325 XI 2 a 4to
AM 325 V 4to,AM 325 XI 2 c 4to
AM 325 V 4to,AM 325 XI 2 e 4to
AM 325 V 4to,AM 325 XI 2 g 4to
AM 325 V 4to,AM 325 XI 2 h 4to
AM 325 V 4to,AM 325 XI 2 k 4to
AM 325 V 4to,AM 325 XI 2 m 4to
AM 325 V 4to,AM 325 XI 2 n 4to
AM 325 V 4to,AM 325 IV alpha 4to
AM 325 V 4to,NRA 52
AM 325 V 4to,AM 325 IX 2 4to
AM 325 V 4to,Lbs fragm 82
AM 325 VII 4to,Holm perg 4 4to
AM 325 VII 4to,AM 75 e 1 fol
AM 325 VII 4to,AM 75 e 2 fol
AM 325 VII 4to,AM 325 XI 2 a 4to
AM 325 VII 4to,AM 325 XI 2 c 4to
AM 325 VII 4to,AM 325 XI 2 e 4to
AM 325 VII 4to,AM 325 XI 2 g 4to
AM 325 VII 4to,AM 325 XI 2 h 4to
AM 325 VII 4to,AM 325 XI 2 k 4to
AM 325 VII 4to,AM 325 XI 2 m 4to
AM 325 VII 4to,AM 325 XI 2 n 4to
AM 325 VII 4to,AM 325 IV alpha 4to
AM 325 VII 4to,NRA 52
AM 325 VII 4to,AM 325 IX 2 4to
AM 325 VII 4to,Lbs fragm 82
Holm perg 4 4to,AM 75 e 1 fol
Holm perg 4 4to,AM 75 e 2 fol
Holm perg 4 4to,AM 325 XI 2 a 4to
Holm perg 4 4to,AM 325 XI 2 c 4to
Holm perg 4 4to,AM 325 XI 2 e 4to
Holm perg 4 4to,AM 325 XI 2 g 4to
Holm perg 4 4to,AM 325 XI 2 h 4to
Holm perg 4 4to,AM 325 XI 2 k 4to
Holm perg 4 4to,AM 325 XI 2 m 4to
Holm perg 4 4to,AM 325 XI 2 n 4to
Holm perg 4 4to,AM 325 IV alpha 4to
Holm perg 4 4to,NRA 52
Holm perg 4 4to,AM 325 IX 2 4to
Holm perg 4 4to,Lbs fragm 82
AM 75 e 1 fol,AM 75 e 2 fol
AM 75 e 1 fol,AM 325 XI 2 a 4to
AM 75 e 1 fol,AM 325 XI 2 c 4to
AM 75 e 1 fol,AM 325 XI 2 e 4to
AM 75 e 1 fol,AM 325 XI 2 g 4to
AM 75 e 1 fol,AM 325 XI 2 h 4to
AM 75 e 1 fol,AM 325 XI 2 k 4to
AM 75 e 1 fol,AM 325 XI 2 m 4to
AM 75 e 1 fol,AM 325 XI 2 n 4to
AM 75 e 1 fol,AM 325 IV alpha 4to
AM 75 e 1 fol,NRA 52
AM 75 e 1 fol,AM 325 IX 2 4to
AM 75 e 1 fol,Lbs fragm 82
AM 75 e 2 fol,AM 325 XI 2 a 4to
AM 75 e 2 fol,AM 325 XI 2 c 4to
AM 75 e 2 fol,AM 325 XI 2 e 4to
AM 75 e 2 fol,AM 325 XI 2 g 4to
AM 75 e 2 fol,AM 325 XI 2 h 4to
AM 75 e 2 fol,AM 325 XI 2 k 4to
AM 75 e 2 fol,AM 325 XI 2 m 4to
AM 75 e 2 fol,AM 325 XI 2 n 4to
AM 75 e 2 fol,AM 325 IV alpha 4to
AM 75 e 2 fol,NRA 52
AM 75 e 2 fol,AM 325 IX 2 4to
AM 75 e 2 fol,Lbs fragm 82
AM 325 XI 2 a 4to,AM 325 XI 2 c 4to
AM 325 XI 2 a 4to,AM 325 XI 2 e 4to
AM 325 XI 2 a 4to,AM 325 XI 2 g 4to
AM 325 XI 2 a 4to,AM 325 XI 2 h 4to
AM 325 XI 2 a 4to,AM 325 XI 2 k 4to
AM 325 XI 2 a 4to,AM 325 XI 2 m 4to
AM 325 XI 2 a 4to,AM 325 XI 2 n 4to
AM 325 XI 2 a 4to,AM 325 IV alpha 4to
AM 325 XI 2 a 4to,NRA 52
AM 325 XI 2 a 4to,AM 325 IX 2 4to
AM 325 XI 2 a 4to,Lbs fragm 82
AM 325 XI 2 c 4to,AM 325 XI 2 e 4to
AM 325 XI 2 c 4to,AM 325 XI 2 g 4to
AM 325 XI 2 c 4to,AM 325 XI 2 h 4to
AM 325 XI 2 c 4to,AM 325 XI 2 k 4to
AM 325 XI 2 c 4to,AM 325 XI 2 m 4to
AM 325 XI 2 c 4to,AM 325 XI 2 n 4to
AM 325 XI 2 c 4to,AM 325 IV alpha 4to
AM 325 XI 2 c 4to,NRA 52
AM 325 XI 2 c 4to,AM 325 IX 2 4to
AM 325 XI 2 c 4to,Lbs fragm 82
AM 325 XI 2 e 4to,AM 325 XI 2 g 4to
AM 325 XI 2 e 4to,AM 325 XI 2 h 4to
AM 325 XI 2 e 4to,AM 325 XI 2 k 4to
AM 325 XI 2 e 4to,AM 325 XI 2 m 4to
AM 325 XI 2 e 4to,AM 325 XI 2 n 4to
AM 325 XI 2 e 4to,AM 325 IV alpha 4to
AM 325 XI 2 e 4to,NRA 52
AM 325 XI 2 e 4to,AM 325 IX 2 4to
AM 325 XI 2 e 4to,Lbs fragm 82
AM 325 XI 2 g 4to,AM 325 XI 2 h 4to
AM 325 XI 2 g 4to,AM 325 XI 2 k 4to
AM 325 XI 2 g 4to,AM 325 XI 2 m 4to
AM 325 XI 2 g 4to,AM 325 XI 2 n 4to
AM 325 XI 2 g 4to,AM 325 IV alpha 4to
AM 325 XI 2 g 4to,NRA 52
AM 325 XI 2 g 4to,AM 325 IX 2 4to
AM 325 XI 2 g 4to,Lbs fragm 82
AM 325 XI 2 h 4to,AM 325 XI 2 k 4to
AM 325 XI 2 h 4to,AM 325 XI 2 m 4to
AM 325 XI 2 h 4to,AM 325 XI 2 n 4to
AM 325 XI 2 h 4to,AM 325 IV alpha 4to
AM 325 XI 2 h 4to,NRA 52
AM 325 XI 2 h 4to,AM 325 IX 2 4to
AM 325 XI 2 h 4to,Lbs fragm 82
AM 325 XI 2 k 4to,AM 325 XI 2 m 4to
AM 325 XI 2 k 4to,AM 325 XI 2 n 4to
AM 325 XI 2 k 4to,AM 325 IV alpha 4to
AM 325 XI 2 k 4to,NRA 52
AM 325 XI 2 k 4to,AM 325 IX 2 4to
AM 325 XI 2 k 4to,Lbs fragm 82
AM 325 XI 2 m 4to,AM 325 XI 2 n 4to
AM 325 XI 2 m 4to,AM 325 IV alpha 4to
AM 325 XI 2 m 4to,NRA 52
AM 325 XI 2 m 4to,AM 325 IX 2 4to
AM 325 XI 2 m 4to,Lbs fragm 82
AM 325 XI 2 n 4to,AM 325 IV alpha 4to
AM 325 XI 2 n 4to,NRA 52
AM 325 XI 2 n 4to,AM 325 IX 2 4to
AM 325 XI 2 n 4to,Lbs fragm 82
AM 325 IV alpha 4to,NRA 52
AM 325 IV alpha 4to,AM 325 IX 2 4to
AM 325 IV alpha 4to,Lbs fragm 82
NRA 52,AM 325 IX 2 4to
NRA 52,Lbs fragm 82
AM 325 IX 2 4to,Lbs fragm 82
GKS 1009 fol,AM 47 fol
GKS 1009 fol,AM 45 fol
AM 47 fol,AM 45 fol
AM 382 4to,AM 383 I 4to
AM 382 4to,AM 383 II 4to
AM 382 4to,AM 645 4to
AM 383 I 4to,AM 383 II 4to
AM 383 I 4to,AM 645 4to
AM 383 II 4to,AM 645 4to
AM 544 4to,AM 657 a-b 4to
AM 544 4to,Holm perg 18 4to
AM 657 a-b 4to,Holm perg 18 4to
AM 544 4to,GKS 1812 4to
AM 544 4to,AM 674 a 4to
AM 544 4to,AM 675 4to
AM 544 4to,AM 674 c 4to
AM 674 a 4to,AM 675 4to
AM 674 a 4to,AM 674 c 4to
AM 675 4to,AM 674 c 4to
AM 673 a I 4to,AM 673 a II 4to
