Handrit-ID,Creator,Short title,Origin,Country,Settlement,Institution,Repository,Collection,Signature,Support,Height,Width,Folio,Date,Terminus post quem,Terminus ante quem,Mean Date,Year Range,Digitized
AM02-0133,Scribe(s) unknown,Kálfalækjarbók,Iceland,Iceland,Reykjavík,,Stofnun Árna Magnússonar,,AM 133 fol.,Parchment,302,209,95,1300-1300,1300,1300,1300,0,True
AM02-0162A-gamma,Scribe(s) unknown,Egils saga Skallagrímssonar,Ísland,Ísland,Reykjavík,,Stofnun Árna Magnússonar,,AM 162 A gamma fol.,Parchment,207,145,2,1275-1300,1275,1300,1287,25,False
AM02-0162A-theta,Scribe(s) unknown,Egils saga Skallagrímssonar,Iceland,Ísland,Reykjavík,Stofnun Árna Magnússonar í íslenskum fræðum,Handritasvið,Safn Árna Magnússonar,AM 162 A þeta fol.,Parchment,248,144,4,1240-1260,1240,1260,1250,20,True
AM02-0162D-02,Scribe(s) unknown,Laxdæla saga,Ísland,Ísland,Reykjavík,,Stofnun Árna Magnússonar,,AM 162 D 2 fol.,Parchment,0,0,1,1250-1300,1250,1300,1275,50,True
AM02-0221,Scribe(s) unknown,Helgisögur,Iceland,Iceland,Reykjavík,Stofnun Árna Magnússonar í íslenskum fræðum,Handritasvið,Safn Árna Magnússonar,AM 221 fol.,Parchment,281,195,5,,0,0,0,0,False
AM02-0237-b,Scribe(s) unknown,Postola sögur,Norway,Danmark,København,,Den Arnamagnæanske Samling,,AM 237 b fol.,Parchment,220,165,2,1240-1260,1240,1260,1250,20,False
AM02-0237-b,Scribe(s) unknown,Postola sögur,Norway,Danmark,København,,Den Arnamagnæanske Samling,,AM 237 b fol.,Parchment,220,165,2,1240-1260,1240,1260,1250,20,False
AM02-0237a,Scribe(s) unknown,Brot úr predikunarsafni,Íslandi,Iceland,Reykjavík,Stofnun Árna Magnússonar í íslenskum fræðum,Handritasvið,Safn Árna Magnússonar,AM 237 a fol.,Parchment,312,210,2,1140-1160,1140,1160,1150,20,True
AM02-0238-XXVIII,Scribe(s) unknown,Prédikan from Acta Sebastiani,Iceland,Danmark,København,,Den Arnamagnæanske Samling,,AM 238 XXVIII fol.,Parchment,238,172,1,1275-1300,1275,1300,1287,25,False
AM02-0238-XXVIII,Scribe(s) unknown,Prédikan from Acta Sebastiani,Iceland,Danmark,København,,Den Arnamagnæanske Samling,,AM 238 XXVIII fol.,Parchment,238,172,1,1275-1300,1275,1300,1287,25,False
AM02-0240-XI,Scribe(s) unknown,Maríu saga,Iceland,Denmark,København,,Den Arnamagnæanske Samling,,AM 240 XI fol.,Paper,0,0,4,1285-1300,1285,1300,1292,15,False
AM02-0240-XI,Scribe(s) unknown,Maríu saga,Iceland,Denmark,København,,Den Arnamagnæanske Samling,,AM 240 XI fol.,Paper,0,0,4,1285-1300,1285,1300,1292,15,False
AM02-0241bV,Scribe(s) unknown,Messusöngsbók,Ísland,Iceland,Reykjavík,Stofnun Árna Magnússonar í íslenskum fræðum,Handritasvið,Safn Árna Magnússonar,AM 241 b V fol.,Parchment,0,0,1,1200-1300,1200,1300,1250,100,False
AM02-0243-b-alpha,Scribe(s) unknown,Speculum regale,Norway,Danmark,København,,Den Arnamagnæanske Samling,,AM 243 b alfa fol.,Parchment,0,0,82,1200-1300,1200,1300,1250,100,True
AM02-0243-b-alpha,Scribe(s) unknown,Speculum regale,Norway,Danmark,København,,Den Arnamagnæanske Samling,,AM 243 b alfa fol.,Parchment,0,0,82,1200-1300,1200,1300,1250,100,True
AM02-0249-h,Scribe(s) unknown,Calendarium latinum,unknown,Denmark,København,,Den Arnamagnæanske Samling,,AM 249 h fol.,Paper,0,0,7,1150-1200,1150,1200,1175,50,True
AM02-0249-h,Scribe(s) unknown,Calendarium latinum,unknown,Denmark,København,,Den Arnamagnæanske Samling,,AM 249 h fol.,Paper,0,0,7,1150-1200,1150,1200,1175,50,True
AM02-0249-p,Scribe(s) unknown,Calendarium latinum,Iceland,Denmark,København,,Den Arnamagnæanske Samling,,AM 249 p fol.,Paper,0,0,6,1200-1300,1200,1300,1250,100,True
AM02-0249-p,Scribe(s) unknown,Calendarium latinum,Iceland,Denmark,København,,Den Arnamagnæanske Samling,,AM 249 p fol.,Paper,0,0,6,1200-1300,1200,1300,1250,100,True
AM02-0249b,Scribe(s) unknown,Rímtal (latneskt),Ísland,Iceland,Reykjavík,Stofnun Árna Magnússonar í íslenskum fræðum,Handritasvið,Safn Árna Magnússonar,AM 249 b fol.,Parchment,0,0,6,1200-1300,1200,1300,1250,100,True
AM02-0249c,Scribe(s) unknown,Rímtal (latneskt),Ísland,Iceland,Reykjavík,Stofnun Árna Magnússonar í íslenskum fræðum,Handritasvið,Safn Árna Magnússonar,AM 249 c fol.,Parchment,308,230,8,1200-1225,1200,1225,1212,25,False
AM02-0249f,Scribe(s) unknown,Rímtal (latneskt),Ísland,Iceland,Reykjavík,Stofnun Árna Magnússonar í íslenskum fræðum,Handritasvið,Safn Árna Magnússonar,AM 249 f fol.,Parchment,265,187,7,1200-1225,1200,1225,1212,25,False
AM02-0249l,Scribe(s) unknown,Rímtal (latneskt),Ísland,Iceland,Reykjavík,Stofnun Árna Magnússonar í íslenskum fræðum,Handritasvið,Safn Árna Magnússonar,AM 249 l fol.,Parchment,240,163,4,1175-1200,1175,1200,1187,25,True
AM02-0249n,Scribe(s) unknown,Latneskt rímtal,Ísland,Iceland,Reykjavík,Stofnun Árna Magnússonar í íslenskum fræðum,Handritasvið,Safn Árna Magnússonar,AM 249 n fol.,Parchment,238,166,4,1200-1300,1200,1300,1250,100,False
AM02-0315-e,Scribe(s) unknown,Den ældre Gulatingslov,Norway,Denmark,København,,Den Arnamagnæanske Samling,,AM 315 e fol.,Paper,0,0,2,1240-1250,1240,1250,1245,10,False
AM02-0315-e,Scribe(s) unknown,Den ældre Gulatingslov,Norway,Denmark,København,,Den Arnamagnæanske Samling,,AM 315 e fol.,Paper,0,0,2,1240-1250,1240,1250,1245,10,False
AM02-0315-f,Scribe(s) unknown,Den ældste Gulatingslov,Norway,Denmark,København,,Den Arnamagnæanske Samling,,AM 315 f fol.,Paper,0,0,5,1175-1200,1175,1200,1187,25,False
AM02-0315-f,Scribe(s) unknown,Den ældste Gulatingslov,Norway,Denmark,København,,Den Arnamagnæanske Samling,,AM 315 f fol.,Paper,0,0,5,1175-1200,1175,1200,1187,25,False
AM02-0315-g,Scribe(s) unknown,Nidaros bjarkøret,Norway,Denmark,København,,Den Arnamagnæanske Samling,,AM 315 g fol.,Paper,0,0,2,1240-1260,1240,1260,1250,20,False
AM02-0315-g,Scribe(s) unknown,Nidaros bjarkøret,Norway,Denmark,København,,Den Arnamagnæanske Samling,,AM 315 g fol.,Paper,0,0,2,1240-1260,1240,1260,1250,20,False
AM02-0315-k,Scribe(s) unknown,Den ældre Frostatingslovs kristenret,Norway,Denmark,København,,Den Arnamagnæanske Samling,,AM 315 k fol.,Paper,0,0,1,1125-1230,1125,1230,1177,105,False
AM02-0315-k,Scribe(s) unknown,Den ældre Frostatingslovs kristenret,Norway,Denmark,København,,Den Arnamagnæanske Samling,,AM 315 k fol.,Paper,0,0,1,1125-1230,1125,1230,1177,105,False
AM02-0315b,Scribe(s) unknown,Grágás,Ísland,Iceland,Reykjavík,Stofnun Árna Magnússonar í íslenskum fræðum,Handritasvið,Safn Árna Magnússonar,AM 315 b fol.,Parchment,230,160,1,1240-1260,1240,1260,1250,20,True
AM02-0315c,Scribe(s) unknown,Grágás,Ísland,Iceland,Reykjavík,Stofnun Árna Magnússonar í íslenskum fræðum,Handritasvið,Safn Árna Magnússonar,AM 315 c fol.,Parchment,0,0,2,1200-1225,1200,1225,1212,25,True
AM02-0315d,Scribe(s) unknown,Grágás,Ísland,Iceland,Reykjavík,Stofnun Árna Magnússonar í íslenskum fræðum,Handritasvið,Safn Árna Magnússonar,AM 315 d fol.,Parchment,222,144,2,1150-1175,1150,1175,1162,25,True
AM02-0334,Þórarinn kaggi Egilsson,Staðarhólsbók,Iceland,Iceland,Reykjavík,Stofnun Árna Magnússonar í íslenskum fræðum,Handritasvið,Safn Árna Magnússonar,AM 334 fol.,Parchment,327,232,108,1330-1340,1330,1340,1335,10,True
AM04-0024,Scribe(s) unknown,Valdemar's Provincial Law of Sjælland,Denmark,Denmark,København,,Den Arnamagnæanske Samling,,AM 24 4to,Parchment,210,155,6,1275-1299,1275,1299,1287,24,True
AM04-0024,Scribe(s) unknown,Valdemar's Provincial Law of Sjælland,Denmark,Denmark,København,,Den Arnamagnæanske Samling,,AM 24 4to,Parchment,210,155,6,1275-1299,1275,1299,1287,24,True
AM04-0053,Scribe(s) unknown,King Magnus Eriksson's National Law of Sweden and a Calendar,Sweden,Denmark,København,,Den Arnamagnæanske Samling,,AM 53 4to,Parchment,200,147,113,1350-1399,1350,1399,1374,49,True
AM04-0053,Scribe(s) unknown,King Magnus Eriksson's National Law of Sweden and a Calendar,Sweden,Denmark,København,,Den Arnamagnæanske Samling,,AM 53 4to,Parchment,200,147,113,1350-1399,1350,1399,1374,49,True
AM04-0134,Scribe(s) unknown,Jónsbók,Ísland,Iceland,Reykjavík,Stofnun Árna Magnússonar í íslenskum fræðum,Handritasvið,Safn Árna Magnússonar,AM 134 4to,Parchment,200,136,41,1281-1294,1281,1294,1287,13,True
AM04-0291,Scribe(s) unknown,Jómsvíkinga saga,Iceland,Denmark,København,,Den Arnamagnæanske Samling,,AM 291 4to,Paper,200,130,38,1250-1275,1250,1275,1262,25,True
AM04-0291,Scribe(s) unknown,Jómsvíkinga saga,Iceland,Denmark,København,,Den Arnamagnæanske Samling,,AM 291 4to,Paper,200,130,38,1250-1275,1250,1275,1262,25,True
AM04-0310,Scribe(s) unknown,Ólafs saga Tryggvasonar and Old Testament Additions,Iceland,Denmark,København,,Den Arnamagnæanske Samling,,AM 310 4to,Parchment,226,139,45,1250-1300,1250,1300,1275,50,False
AM04-0310,Scribe(s) unknown,Ólafs saga Tryggvasonar and Old Testament Additions,Iceland,Denmark,København,,Den Arnamagnæanske Samling,,AM 310 4to,Parchment,226,139,45,1250-1300,1250,1300,1275,50,False
AM04-0325-II,Verner Dahlerup; Hreinn Benediktsson,Ágrip af Noregskonunga sǫgum,Iceland,Denmark,København,,Den Arnamagnæanske Samling,,AM 325 II 4to,Parchment,147,125,25,1200-1249,1200,1249,1224,49,True
AM04-0325-II,Verner Dahlerup; Hreinn Benediktsson,Ágrip af Noregskonunga sǫgum,Iceland,Denmark,København,,Den Arnamagnæanske Samling,,AM 325 II 4to,Parchment,147,125,25,1200-1249,1200,1249,1224,49,True
AM04-0325-IV-alpha,Scribe(s) unknown,The Legend of King Ólaf the Saint with miracles,Iceland,Danmark,København,,Den Arnamagnæanske Samling,,AM 325 IV alfa 4to,Parchment,206,138,2,1240-1260,1240,1260,1250,20,False
AM04-0325-IV-alpha,Scribe(s) unknown,The Legend of King Ólaf the Saint with miracles,Iceland,Danmark,København,,Den Arnamagnæanske Samling,,AM 325 IV alfa 4to,Parchment,206,138,2,1240-1260,1240,1260,1250,20,False
AM04-0325-VII,Scribe(s) unknown,Ólafs saga helga,Iceland,Danmark,København,,Den Arnamagnæanske Samling,,AM 325 VII 4to,Parchment,255,180,41,1200-1300,1200,1300,1250,100,False
AM04-0325-VII,Scribe(s) unknown,Ólafs saga helga,Iceland,Danmark,København,,Den Arnamagnæanske Samling,,AM 325 VII 4to,Parchment,255,180,41,1200-1300,1200,1300,1250,100,False
AM04-0325-VIII-4-b,Scribe(s) unknown,Sverris saga,Iceland,Danmark,København,,Den Arnamagnæanske Samling,,AM 325 VIII 4 b 4to.,Parchment,215,147,3,1275-1300,1275,1300,1287,25,False
AM04-0325-VIII-4-b,Scribe(s) unknown,Sverris saga,Iceland,Danmark,København,,Den Arnamagnæanske Samling,,AM 325 VIII 4 b 4to.,Parchment,215,147,3,1275-1300,1275,1300,1287,25,False
AM04-0325-XI-2-e,Scribe(s) unknown,Ólafs saga helga,Iceland,Denmark,København,,Den Arnamagnæanske Samling,,AM 325 XI 2 e 4to,Parchment,232,209,2,1200-1230,1200,1230,1215,30,False
AM04-0325-XI-2-e,Scribe(s) unknown,Ólafs saga helga,Iceland,Denmark,København,,Den Arnamagnæanske Samling,,AM 325 XI 2 e 4to,Parchment,232,209,2,1200-1230,1200,1230,1215,30,False
AM04-0325-XI-2-n,Scribe(s) unknown,Ólafs saga helga,Iceland,Denmark,København,,Den Arnamagnæanske Samling,,AM 325 XI 2 n 4to,Parchment,190,150,1,1275-1300,1275,1300,1287,25,False
AM04-0325-XI-2-n,Scribe(s) unknown,Ólafs saga helga,Iceland,Denmark,København,,Den Arnamagnæanske Samling,,AM 325 XI 2 n 4to,Parchment,190,150,1,1275-1300,1275,1300,1287,25,False
AM04-0383-I,Scribe(s) unknown,Þorláks saga helga,Iceland,Iceland,Reykjavík,Stofnun Árna Magnússonar í íslenskum fræðum,Handritasvið,Safn Árna Magnússonar,AM 383 I 4to,Parchment,209,147,2,1240-1260,1240,1260,1250,20,True
AM04-0386-I,Scribe(s) unknown,Vita S. Thorlaci episcopi,Ísland,Iceland,Reykjavík,Stofnun Árna Magnússonar í íslenskum fræðum,Handritasvið,Safn Árna Magnússonar,AM 386 I 4to,Parchment,207,142,3,1190-1210,1190,1210,1200,20,True
AM04-0386-II,Scribe(s) unknown,Vita S. Thorlaci episcopi,Ísland,Iceland,Reykjavík,Stofnun Árna Magnússonar í íslenskum fræðum,Handritasvið,Safn Árna Magnússonar,AM 386 II 4to,Parchment,248,155,6,1200-1250,1200,1250,1225,50,True
AM04-0519-a,Scribe(s) unknown,Alexanders saga,Iceland or Norway,Danmark,København,,Den Arnamagnæanske Samling,,AM 519 a 4to,Parchment,219,155,37137,1270-1290,1270,1290,1280,20,True
AM04-0519-a,Scribe(s) unknown,Alexanders saga,Iceland or Norway,Danmark,København,,Den Arnamagnæanske Samling,,AM 519 a 4to,Parchment,219,155,37137,1270-1290,1270,1290,1280,20,True
AM04-0619,Scribe(s) unknown,Homily book,Norway,Denmark,København,,Den Arnamagnæanske Samling,,AM 619 4to.,Paper,230,155,80,1200-1225,1200,1225,1212,25,True
AM04-0619,Scribe(s) unknown,Homily book,Norway,Denmark,København,,Den Arnamagnæanske Samling,,AM 619 4to.,Paper,230,155,80,1200-1225,1200,1225,1212,25,True
AM04-0623,Scribe(s) unknown,Heilagra manna sögur,Iceland,Denmark,København,,Den Arnamagnæanske Samling,,AM 623 4to,Paper,0,0,31,1200-1300,1200,1300,1250,100,True
AM04-0623,Scribe(s) unknown,Heilagra manna sögur,Iceland,Denmark,København,,Den Arnamagnæanske Samling,,AM 623 4to,Paper,0,0,31,1200-1300,1200,1300,1250,100,True
AM04-0645,Scribe(s) unknown,Heilagramanna sögur,Iceland,Denmark,København,,Den Arnamagnæanske Samling,,AM 645 4to,Parchment,210,137,66,1200-1249,1200,1249,1224,49,True
AM04-0645,Scribe(s) unknown,Heilagramanna sögur,Iceland,Denmark,København,,Den Arnamagnæanske Samling,,AM 645 4to,Parchment,210,137,66,1200-1249,1200,1249,1224,49,True
AM04-0652,Scribe(s) unknown,Postola sögur,Iceland,Denmark,København,,Den Arnamagnæanske Samling,,AM 652 4to,Paper,218,160,14,1250-1300,1250,1300,1275,50,False
AM04-0652,Scribe(s) unknown,Postola sögur,Iceland,Denmark,København,,Den Arnamagnæanske Samling,,AM 652 4to,Paper,218,160,14,1250-1300,1250,1300,1275,50,False
AM04-0655-I,Scribe(s) unknown,Prédikan um skírnina,Iceland,Denmark,København,,Den Arnamagnæanske Samling,,AM 655 I 4to,Parchment,120,187,1,1225-1250,1225,1250,1237,25,False
AM04-0655-I,Scribe(s) unknown,Prédikan um skírnina,Iceland,Denmark,København,,Den Arnamagnæanske Samling,,AM 655 I 4to,Parchment,120,187,1,1225-1250,1225,1250,1237,25,False
AM04-0655-II,Scribe(s) unknown,Maríu saga,Iceland,Denmark,København,,Den Arnamagnæanske Samling,,AM 655 II 4to,Parchment,150,115,4,1200-1215,1200,1215,1207,15,False
AM04-0655-II,Scribe(s) unknown,Maríu saga,Iceland,Denmark,København,,Den Arnamagnæanske Samling,,AM 655 II 4to,Parchment,150,115,4,1200-1215,1200,1215,1207,15,False
AM04-0655-III,Scribe(s) unknown,Nikuláss saga erkibiskups,Iceland,Denmark,København,,Den Arnamagnæanske Samling,,AM 655 III 4to,Parchment,237,164,2,1190-1210,1190,1210,1200,20,False
AM04-0655-III,Scribe(s) unknown,Nikuláss saga erkibiskups,Iceland,Denmark,København,,Den Arnamagnæanske Samling,,AM 655 III 4to,Parchment,237,164,2,1190-1210,1190,1210,1200,20,False
AM04-0655-IV,Scribe(s) unknown,Silvesters saga,Iceland,Denmark,København,,Den Arnamagnæanske Samling,,AM 655 IV 4to,Parchment,236,157,2,1200-1215,1200,1215,1207,15,False
AM04-0655-IV,Scribe(s) unknown,Silvesters saga,Iceland,Denmark,København,,Den Arnamagnæanske Samling,,AM 655 IV 4to,Parchment,236,157,2,1200-1215,1200,1215,1207,15,False
AM04-0655-IX,Scribe(s) unknown,Legends of Saints,Iceland,Denmark,København,,Den Arnamagnæanske Samling,,AM 655 IX 4to,Parchment,0,0,3,1150-1200,1150,1200,1175,50,False
AM04-0655-IX,Scribe(s) unknown,Legends of Saints,Iceland,Denmark,København,,Den Arnamagnæanske Samling,,AM 655 IX 4to,Parchment,0,0,3,1150-1200,1150,1200,1175,50,False
AM04-0655-V,Scribe(s) unknown,Heilagra manna sögur,Iceland,Denmark,København,,Den Arnamagnæanske Samling,,AM 655 V 4to,Parchment,205,150,2,1200-1215,1200,1215,1207,15,False
AM04-0655-V,Scribe(s) unknown,Heilagra manna sögur,Iceland,Denmark,København,,Den Arnamagnæanske Samling,,AM 655 V 4to,Parchment,205,150,2,1200-1215,1200,1215,1207,15,False
AM04-0655-VI,Scribe(s) unknown,Basíliuss saga,Iceland,Denmark,København,,Den Arnamagnæanske Samling,,AM 655 VI 4to,Parchment,205,150,2,1200-1215,1200,1215,1207,15,False
AM04-0655-VI,Scribe(s) unknown,Basíliuss saga,Iceland,Denmark,København,,Den Arnamagnæanske Samling,,AM 655 VI 4to,Parchment,205,150,2,1200-1215,1200,1215,1207,15,False
AM04-0655-VII,Scribe(s) unknown,Veraldar saga,Iceland,Denmark,København,,Den Arnamagnæanske Samling,,AM 655 VII 4to,Paper,0,0,2,1175-1225,1175,1225,1200,50,False
AM04-0655-VII,Scribe(s) unknown,Veraldar saga,Iceland,Denmark,København,,Den Arnamagnæanske Samling,,AM 655 VII 4to,Paper,0,0,2,1175-1225,1175,1225,1200,50,False
AM04-0655-VIII,Scribe(s) unknown,Veraldar saga,Iceland,Denmark,København,,Den Arnamagnæanske Samling,,AM 655 VIII 4to,Paper,0,0,2,1175-1225,1175,1225,1200,50,False
AM04-0655-VIII,Scribe(s) unknown,Veraldar saga,Iceland,Denmark,København,,Den Arnamagnæanske Samling,,AM 655 VIII 4to,Paper,0,0,2,1175-1225,1175,1225,1200,50,False
AM04-0655-X,Scribe(s) unknown,Legends of Saints,Iceland,Denmark,København,,Den Arnamagnæanske Samling,,AM 655 X 4to,Paper,0,0,2,1250-1300,1250,1300,1275,50,False
AM04-0655-X,Scribe(s) unknown,Legends of Saints,Iceland,Denmark,København,,Den Arnamagnæanske Samling,,AM 655 X 4to,Paper,0,0,2,1250-1300,1250,1300,1275,50,False
AM04-0655-XII-XIII,Scribe(s) unknown,Höskuldstaðabók,Iceland,Denmark,København,,Den Arnamagnæanske Samling,,AM 655 XII-XIII 4to,Parchment,245,183,6,1275-1300,1275,1300,1287,25,False
AM04-0655-XII-XIII,Scribe(s) unknown,Höskuldstaðabók,Iceland,Denmark,København,,Den Arnamagnæanske Samling,,AM 655 XII-XIII 4to,Parchment,245,183,6,1275-1300,1275,1300,1287,25,False
AM04-0655-XIV,Scribe(s) unknown,Legends of Saints,Iceland,Denmark,København,,Den Arnamagnæanske Samling,,AM 655 XIV 4to,Parchment,0,0,2,1200-1300,1200,1300,1250,100,False
AM04-0655-XIV,Scribe(s) unknown,Legends of Saints,Iceland,Denmark,København,,Den Arnamagnæanske Samling,,AM 655 XIV 4to,Parchment,0,0,2,1200-1300,1200,1300,1250,100,False
AM04-0655-XIX,Scribe(s) unknown,Maríu saga,Iceland,Denmark,København,,Den Arnamagnæanske Samling,,AM 655 XIX 4to,Parchment,196,136,2,1225-1250,1225,1250,1237,25,False
AM04-0655-XIX,Scribe(s) unknown,Maríu saga,Iceland,Denmark,København,,Den Arnamagnæanske Samling,,AM 655 XIX 4to,Parchment,196,136,2,1225-1250,1225,1250,1237,25,False
AM04-0655-XV,Scribe(s) unknown,Benedikts saga,Iceland,Denmark,København,,Den Arnamagnæanske Samling,,AM 655 XV 4to,Parchment,205,142,1,1250-1300,1250,1300,1275,50,False
AM04-0655-XV,Scribe(s) unknown,Benedikts saga,Iceland,Denmark,København,,Den Arnamagnæanske Samling,,AM 655 XV 4to,Parchment,205,142,1,1250-1300,1250,1300,1275,50,False
AM04-0655-XVI,Scribe(s) unknown,Postola sögur,Iceland,Denmark,København,,Den Arnamagnæanske Samling,,AM 655 XVI 4to,Parchment,222,153,4,1200-1300,1200,1300,1250,100,False
AM04-0655-XVI,Scribe(s) unknown,Postola sögur,Iceland,Denmark,København,,Den Arnamagnæanske Samling,,AM 655 XVI 4to,Parchment,222,153,4,1200-1300,1200,1300,1250,100,False
AM04-0655-XVII,Scribe(s) unknown,Páls saga postola,Iceland,Denmark,København,,Den Arnamagnæanske Samling,,AM 655 XVII 4to,Parchment,227,164,3,1240-1260,1240,1260,1250,20,False
AM04-0655-XVII,Scribe(s) unknown,Páls saga postola,Iceland,Denmark,København,,Den Arnamagnæanske Samling,,AM 655 XVII 4to,Parchment,227,164,3,1240-1260,1240,1260,1250,20,False
AM04-0655-XVIII,Scribe(s) unknown,Prédikan,Iceland,Denmark,København,,Den Arnamagnæanske Samling,,AM 655 XVIII 4to,Parchment,107,80,1,1250-1300,1250,1300,1275,50,False
AM04-0655-XVIII,Scribe(s) unknown,Prédikan,Iceland,Denmark,København,,Den Arnamagnæanske Samling,,AM 655 XVIII 4to,Parchment,107,80,1,1250-1300,1250,1300,1275,50,False
AM04-0655-XXI,Scribe(s) unknown,Fragment of an Icelandic breviary,Iceland,Denmark,København,,Den Arnamagnæanske Samling,,AM 655 XXI 4to,Parchment,200,141,4,1200-1250,1200,1250,1225,50,False
AM04-0655-XXI,Scribe(s) unknown,Fragment of an Icelandic breviary,Iceland,Denmark,København,,Den Arnamagnæanske Samling,,AM 655 XXI 4to,Parchment,200,141,4,1200-1250,1200,1250,1225,50,False
AM04-0655-XXII,Scribe(s) unknown,Stefáns saga,Iceland,Denmark,København,,Den Arnamagnæanske Samling,,AM 655 XXII 4to,Parchment,185,153,2,1250-1300,1250,1300,1275,50,False
AM04-0655-XXII,Scribe(s) unknown,Stefáns saga,Iceland,Denmark,København,,Den Arnamagnæanske Samling,,AM 655 XXII 4to,Parchment,185,153,2,1250-1300,1250,1300,1275,50,False
AM04-0655-XXIII,Scribe(s) unknown,Villa,Iceland,Denmark,København,,Den Arnamagnæanske Samling,,AM 655 XXIII 4to,Parchment,195,140,1,1225-1250,1225,1250,1237,25,False
AM04-0655-XXIII,Scribe(s) unknown,Villa,Iceland,Denmark,København,,Den Arnamagnæanske Samling,,AM 655 XXIII 4to,Parchment,195,140,1,1225-1250,1225,1250,1237,25,False
AM04-0655-XXIX,Scribe(s) unknown,Alexanders saga,Iceland,Denmark,København,,Den Arnamagnæanske Samling,,AM 655 XXIX 4to,Parchment,230,137,4,1270-1290,1270,1290,1280,20,False
AM04-0655-XXIX,Scribe(s) unknown,Alexanders saga,Iceland,Denmark,København,,Den Arnamagnæanske Samling,,AM 655 XXIX 4to,Parchment,230,137,4,1270-1290,1270,1290,1280,20,False
AM04-0655-XXVIII-a,Scribe(s) unknown,Heilagra manna sögur,Iceland,Denmark,København,,Den Arnamagnæanske Samling,,AM 655 XXVIII a 4to,Parchment,0,0,2,1200-1300,1200,1300,1250,100,False
AM04-0655-XXVIII-a,Scribe(s) unknown,Heilagra manna sögur,Iceland,Denmark,København,,Den Arnamagnæanske Samling,,AM 655 XXVIII a 4to,Parchment,0,0,2,1200-1300,1200,1300,1250,100,False
AM04-0655-XXX,Scribe(s) unknown,Lækningabók,Iceland,Denmark,København,,Den Arnamagnæanske Samling,,AM 655 XXX 4to,Paper,0,0,4,1250-1300,1250,1300,1275,50,False
AM04-0655-XXX,Scribe(s) unknown,Lækningabók,Iceland,Denmark,København,,Den Arnamagnæanske Samling,,AM 655 XXX 4to,Paper,0,0,4,1250-1300,1250,1300,1275,50,False
AM04-0655-XXXIII,Scribe(s) unknown,Heilagra manna sögur,Island,Danmark,København,,Den Arnamagnæanske Samling,,AM 655 XXXIII 4to,Parchment,214,190,2,1250-1299,1250,1299,1274,49,False
AM04-0666-b,Scribe(s) unknown,Strengleikar,Norway,Denmark,København,,Den Arnamagnæanske Samling,,AM 666 b 4to,Parchment,286,200,4,1260-1280,1260,1280,1270,20,True
AM04-0666-b,Scribe(s) unknown,Strengleikar,Norway,Denmark,København,,Den Arnamagnæanske Samling,,AM 666 b 4to,Parchment,286,200,4,1260-1280,1260,1280,1270,20,True
AM04-0673-b,Scribe(s) unknown,Placítus drápa,Iceland,Denmark,København,,Den Arnamagnæanske Samling,,AM 673 b 4to,Paper,0,0,5,,0,0,0,0,True
AM04-0673-b,Scribe(s) unknown,Placítus drápa,Iceland,Denmark,København,,Den Arnamagnæanske Samling,,AM 673 b 4to,Paper,0,0,5,,0,0,0,0,True
AM04-0673a-I,Scribe(s) unknown,Physiologus,Iceland,Iceland,Reykjavík,Stofnun Árna Magnússonar í íslenskum fræðum,Handritasvið,Safn Árna Magnússonar,AM 673 a I 4to,Parchment,176,138,2,1190-1210,1190,1210,1200,20,True
AM04-0673a-II,Scribe(s) unknown,Physiologus og fleira,Iceland,Iceland,Reykjavík,Stofnun Árna Magnússonar í íslenskum fræðum,Handritasvið,Safn Árna Magnússonar,AM 673 a II 4to,Parchment,177,122,9,1190-1210,1190,1210,1200,20,True
AM04-0674-a,Scribe(s) unknown,The Icelandic Elucidarius,Iceland,Denmark,København,,Den Arnamagnæanske Samling,,AM 674 a 4to,Parchment,114,177,33,1150-1210,1150,1210,1180,60,True
AM04-0674-a,Scribe(s) unknown,The Icelandic Elucidarius,Iceland,Denmark,København,,Den Arnamagnæanske Samling,,AM 674 a 4to,Parchment,114,177,33,1150-1210,1150,1210,1180,60,True
AM04-0679,Scribe(s) unknown,Ordo ecclesiastici usus per anni circulum observandus,Ísland,Iceland,Reykjavík,Stofnun Árna Magnússonar í íslenskum fræðum,Handritasvið,Safn Árna Magnússonar,AM 679 4to,Parchment,268,170,60,1200-1300,1200,1300,1250,100,True
AM04-0680-a,Scribe(s) unknown,Ordo ecclesiastici usus,Iceland,Denmark,København,,Den Arnamagnæanske Samling,,AM 680 a 4to,Paper,0,0,105,1200-1300,1200,1300,1250,100,True
AM04-0680-a,Scribe(s) unknown,Ordo ecclesiastici usus,Iceland,Denmark,København,,Den Arnamagnæanske Samling,,AM 680 a 4to,Paper,0,0,105,1200-1300,1200,1300,1250,100,True
AM04-0686-b,Scribe(s) unknown,Homilies,Iceland,Denmark,København,,Den Arnamagnæanske Samling,,AM 686 b 4to,Paper,0,0,5,1200-1215,1200,1215,1207,15,True
AM04-0686-b,Scribe(s) unknown,Homilies,Iceland,Denmark,København,,Den Arnamagnæanske Samling,,AM 686 b 4to,Paper,0,0,5,1200-1215,1200,1215,1207,15,True
AM04-0686-c,Scribe(s) unknown,Homily,Iceland,Denmark,København,,Den Arnamagnæanske Samling,,AM 686 c 4to,Paper,0,0,1,1200-1300,1200,1300,1250,100,True
AM04-0686-c,Scribe(s) unknown,Homily,Iceland,Denmark,København,,Den Arnamagnæanske Samling,,AM 686 c 4to,Paper,0,0,1,1200-1300,1200,1300,1250,100,True
AM04-0696-XXIV,Scribe(s) unknown,Interpretation of David's penitential psalms,Iceland,Denmark,København,,Den Arnamagnæanske Samling,,AM 696 XXIV 4to,Parchment,212,128,2,1200-1215,1200,1215,1207,15,False
AM04-0696-XXIV,Scribe(s) unknown,Interpretation of David's penitential psalms,Iceland,Denmark,København,,Den Arnamagnæanske Samling,,AM 696 XXIV 4to,Parchment,212,128,2,1200-1215,1200,1215,1207,15,False
AM04-0725,Scribe(s) unknown,Calendarium Romanum,Origin unknown,Denmark,København,,Den Arnamagnæanske Samling,,AM 725 4to,Paper,0,0,6,1200-1300,1200,1300,1250,100,False
AM04-0725,Scribe(s) unknown,Calendarium Romanum,Origin unknown,Denmark,København,,Den Arnamagnæanske Samling,,AM 725 4to,Paper,0,0,6,1200-1300,1200,1300,1250,100,False
AM04-0732a-VII,Scribe(s) unknown,Páskatafla,Ísland,Iceland,Reykjavík,Stofnun Árna Magnússonar í íslenskum fræðum,Handritasvið,Safn Árna Magnússonar,AM 732 a VII 4to,Parchment,198,152,1,1121-1139,1121,1139,1130,18,True
AM04-0788,Scribe(s) unknown,Lectionarum Romanum,Unknown,Denmark,København,,Den Arnamagnæanske Samling,,AM 788 4to,Paper,0,0,118,1100-1200,1100,1200,1150,100,False
AM04-0788,Scribe(s) unknown,Lectionarum Romanum,Unknown,Denmark,København,,Den Arnamagnæanske Samling,,AM 788 4to,Paper,0,0,118,1100-1200,1100,1200,1150,100,False
AM04-0795,Scribe(s) unknown,Apocalypse with Commentary,Spain or Portugal,Denmark,København,,Den Arnamagnæanske Samling,,AM 795 4to,Parchment,201,129,97,1200-1299,1200,1299,1249,99,True
AM04-0795,Scribe(s) unknown,Apocalypse with Commentary,Spain or Portugal,Denmark,København,,Den Arnamagnæanske Samling,,AM 795 4to,Parchment,201,129,97,1200-1299,1200,1299,1249,99,True
AM04-0796,Scribe(s) unknown,Vitæ sanctorum egiptiorum patrum,Origin unknown,Denmark,København,,Den Arnamagnæanske Samling,,AM 796 4to,Paper,218,155,63,1200-1300,1200,1300,1250,100,False
AM04-0796,Scribe(s) unknown,Vitæ sanctorum egiptiorum patrum,Origin unknown,Denmark,København,,Den Arnamagnæanske Samling,,AM 796 4to,Paper,218,155,63,1200-1300,1200,1300,1250,100,False
AM04-0803,Scribe(s) unknown,Præcepta synodalia et additiones,Origin unknown,Denmark,København,,Den Arnamagnæanske Samling,,AM 803 4to,Parchment,202,145,3425,1200-1300,1200,1300,1250,100,False
AM04-0803,Scribe(s) unknown,Præcepta synodalia et additiones,Origin unknown,Denmark,København,,Den Arnamagnæanske Samling,,AM 803 4to,Parchment,202,145,3425,1200-1300,1200,1300,1250,100,False
AM04-0805,Scribe(s) unknown,Miscellaneous,Spain,Denmark,København,,Den Arnamagnæanske Samling,,AM 805 4to,Parchment,244,138,115,1200-1300,1200,1300,1250,100,True
AM04-0805,Scribe(s) unknown,Miscellaneous,Spain,Denmark,København,,Den Arnamagnæanske Samling,,AM 805 4to,Parchment,244,138,115,1200-1300,1200,1300,1250,100,True
AM04-0826,Scribe(s) unknown,Gautier de Chatillon: Alexandreis.,Unknown,Denmark,København,,Den Arnamagnæanske Samling,,AM 826 4to,Paper,175,130,82,1200-1300,1200,1300,1250,100,True
AM04-0826,Scribe(s) unknown,Gautier de Chatillon: Alexandreis.,Unknown,Denmark,København,,Den Arnamagnæanske Samling,,AM 826 4to,Paper,175,130,82,1200-1300,1200,1300,1250,100,True
AM04-0829,Scribe(s) unknown,Biographies of Charlemagne and Louis the Pious,Loire region,Denmark,København,,Den Arnamagnæanske Samling,,AM 829 4to,Parchment,250,190,34,,0,0,0,0,False
AM04-0829,Scribe(s) unknown,Biographies of Charlemagne and Louis the Pious,Loire region,Denmark,København,,Den Arnamagnæanske Samling,,AM 829 4to,Parchment,250,190,34,,0,0,0,0,False
AM04-0921-IV,Scribe(s) unknown,Leifar guðfræðisrita,Iceland,Denmark,København,,Den Arnamagnæanske Samling,,AM 921 IV 4to,Parchment,175,130,5,1250-1275,1250,1275,1262,25,False
AM04-0921-IV,Scribe(s) unknown,Leifar guðfræðisrita,Iceland,Denmark,København,,Den Arnamagnæanske Samling,,AM 921 IV 4to,Parchment,175,130,5,1250-1275,1250,1275,1262,25,False
AM04-0966,Scribe(s) unknown,Fragment of The Gospel according to St. Mark,Unknown,Denmark,København,,Den Arnamagnæanske Samling,,AM 966 4to,Paper,236,170,6,1190-1210,1190,1210,1200,20,False
AM04-0966,Scribe(s) unknown,Fragment of The Gospel according to St. Mark,Unknown,Denmark,København,,Den Arnamagnæanske Samling,,AM 966 4to,Paper,236,170,6,1190-1210,1190,1210,1200,20,False
AM04-1056-I,Scribe(s) unknown,Heimskringla,Iceland,Denmark,København,,Den Arnamagnæanske Samling,,AM 1056 I 4to,Parchment,0,0,1,1300-1400,1300,1400,1350,100,False
GKS02-1157,Scribe(s) unknown,Konungsbók Grágásar,Iceland,Ísland,Reykjavík,,Stofnun Árna Magnússonar,,GKS 1157 fol.,Parchment,354,245,93,1240-1260,1240,1260,1250,20,True
GKS04-2365,Scribe(s) unknown,Eddukvæði,Iceland,Iceland,Reykjavík,Stofnun Árna Magnússonar í íslenskum fræðum,Handritasvið,Safn Árna Magnússonar,GKS 2365 4to,Parchment,194,134,45,1260-1280,1260,1280,1270,20,True
JSFragm-0010,Scribe(s) unknown,Antiphonarium,Ísland,Iceland,Reykjavík,Landsbókasafn Íslands - Háskólabókasafn,Handritasafn,Skinnblöð Landsbókasafns,JS fragm 10,Parchment,180,130,1,1090-1110,1090,1110,1100,20,True
JSFragm-0017,Scribe(s) unknown,Antiphonarium,Ísland,Iceland,Reykjavík,Landsbókasafn Íslands - Háskólabókasafn,Handritasafn,Skinnblöð Landsbókasafns,JS fragm 17,Parchment,125,130,0,1200-1299,1200,1299,1249,99,True
LbsFragm-0029,Scribe(s) unknown,Antiphonarium,Ísland,Iceland,Reykjavík,Landsbókasafn Íslands - Háskólabókasafn,Handritasafn,Skinnblöð Landsbókasafns,Lbs fragm 29,Parchment,195,130,1,1090-1110,1090,1110,1100,20,True
